N,V_mean,V_sd
1,1.0,0.0
2,2.0,0.0
3,2.97,0.18
4,3.93,0.25
5,4.9,0.3
6,5.83,0.37
7,6.83,0.37
8,7.77,0.5
9,8.67,0.6
10,9.63,0.71
11,10.47,0.85
12,11.37,0.84
13,12.13,0.96
14,13.07,0.96
15,13.93,0.96
16,14.8,0.91
17,15.67,0.94
18,16.53,0.92
19,17.37,0.98
20,18.2,1.05
21,18.97,1.2
22,19.8,1.33
23,20.53,1.48
24,21.2,1.47
25,22.03,1.56
26,22.8,1.7
27,23.5,1.78
28,24.27,1.69
29,25.17,1.67
30,25.7,1.7
31,26.37,1.89
33,27.7,2.13
34,28.3,2.1
35,29.0,2.25
36,29.8,2.37
38,31.1,2.53
39,31.87,2.69
41,33.03,2.73
42,33.6,2.86
44,35.03,2.86
46,36.47,3.03
48,38.0,3.07
49,38.47,3.2
51,39.47,3.12
53,40.57,3.11
55,41.93,3.27
58,43.77,3.39
60,45.07,3.45
62,46.23,3.32
64,47.37,3.41
67,49.1,3.31
70,50.9,3.44
72,52.1,3.63
75,53.93,3.88
78,55.77,4.23
81,57.47,4.1
84,58.97,4.14
87,60.63,4.19
91,62.9,4.33
94,64.47,4.6
98,66.5,4.6
101,68.03,4.54
105,70.13,4.94
109,72.07,5.18
114,74.97,5.41
118,76.77,5.81
123,79.33,6.21
127,81.37,6.42
132,84.07,6.86
137,87.07,7.25
143,90.1,7.65
148,92.43,7.96
154,95.57,8.27
160,98.13,8.42
166,100.9,8.95
172,103.57,9.12
179,106.87,9.51
186,110.13,9.91
193,112.9,10.14
200,116.17,10.23
208,119.57,10.97
216,123.0,11.1
224,126.67,11.29
233,130.8,11.47
242,134.1,12.01
251,137.97,12.01
260,141.63,12.21
270,146.2,12.22
281,150.93,12.55
292,155.63,12.39
303,160.87,12.1
314,165.5,11.94
327,170.27,11.34
339,174.93,11.83
352,180.07,12.28
366,184.97,12.89
380,190.37,13.92
394,195.47,14.2
409,201.93,14.23
425,208.33,14.77
441,214.03,15.36
458,220.2,15.82
476,225.7,16.61
494,231.77,16.95
513,240.17,17.93
533,248.6,18.26
553,257.0,18.24
574,265.13,18.26
596,274.67,18.89
619,283.67,19.36
643,292.6,19.84
668,300.3,20.44
693,308.83,20.83
720,318.3,20.47
747,327.93,20.7
776,337.43,21.01
806,346.87,21.8
837,357.2,21.93
869,368.37,23.59
902,379.4,24.81
937,389.4,25.68
973,400.4,26.88
1010,412.1,28.28
1048,425.03,29.3
1089,439.0,29.11
1130,452.5,29.42
1174,466.93,29.58
1219,480.2,30.44
1265,494.4,30.72
1314,506.5,32.1
1364,520.4,33.74
1417,535.7,33.63
1471,551.23,34.05
1527,567.33,34.93
1586,585.87,33.75
1647,604.87,34.06
1710,623.93,33.77
1775,642.83,34.09
1843,660.07,32.99
1914,679.2,33.6
1987,698.2,34.86
2063,720.13,34.01
2142,741.93,34.99
2225,764.23,36.97
2310,787.1,36.93
2398,810.57,38.37
2490,834.43,37.86
2586,861.57,38.95
2685,889.43,39.88
2788,914.73,40.37
2894,940.27,43.5
3005,967.8,46.04
3121,998.67,46.25
3240,1027.4,46.29
3364,1056.3,47.1
3493,1084.47,47.72
3627,1118.83,48.66
3766,1152.17,52.52
3910,1182.97,54.65
4060,1215.8,55.53
4216,1246.07,56.28
4377,1280.0,57.01
4545,1314.97,56.68
4719,1353.83,56.2
4900,1393.0,57.53
5088,1432.97,57.33
5283,1472.7,59.45
5485,1511.1,62.2
5695,1554.13,62.95
5914,1597.17,66.12
6140,1642.13,66.77
6375,1687.53,69.57
6620,1734.4,66.32
6873,1785.33,67.25
7137,1838.7,66.22
7410,1890.13,68.64
7694,1942.1,68.9
7989,1997.23,66.66
8295,2051.47,67.94
8613,2106.5,67.24
8943,2163.87,66.43
9285,2223.83,68.97
9641,2281.67,68.93
10011,2342.1,67.19
10394,2401.07,69.74
10793,2467.0,71.36
11206,2534.87,66.69
11635,2603.47,65.83
12081,2671.1,70.52
12544,2740.8,68.22
13025,2815.83,70.65
13524,2888.7,77.6
14042,2964.07,80.96
14580,3044.5,84.34
15139,3124.93,84.18
15719,3212.97,85.91
16321,3298.93,88.11
16946,3387.9,87.94
17595,3476.73,88.14
18270,3568.83,89.72
18970,3657.5,87.49
19696,3753.3,90.34
20451,3851.17,93.47
21235,3962.7,94.9
22048,4064.87,94.05
22893,4173.5,91.3
23770,4279.83,90.08
24681,4387.37,92.53
25627,4495.8,94.11
26608,4613.6,94.22
27628,4733.2,96.33
28686,4847.97,96.24
29786,4979.23,101.73
30927,5110.5,100.5
32112,5240.6,98.12
33342,5366.77,100.2
34619,5501.43,107.15
35946,5630.5,107.01
37323,5769.87,108.78
38753,5912.37,105.64
40238,6066.07,102.67
41780,6211.83,106.4
43380,6370.57,105.99
45042,6528.3,117.54
46768,6687.57,116.04
48560,6855.33,119.9
50421,7021.03,122.56
52352,7193.57,118.58
54358,7361.73,112.91
56441,7543.43,117.46
58603,7725.6,121.87
60849,7916.77,125.94
63180,8111.47,126.53
65601,8307.73,125.07
68114,8498.57,124.19
70724,8693.83,125.48
73433,8904.17,127.39
76247,9110.33,130.98
79168,9320.4,141.15
82201,9526.07,131.98
85351,9748.47,125.21
88621,9974.6,133.19
92016,10203.57,134.8
95542,10440.83,130.85
99202,10676.33,134.65
103003,10908.57,132.33
106950,11148.07,138.32
111047,11404.6,142.96
115302,11656.47,144.67
119720,11920.03,157.27
124307,12190.47,154.28
129069,12455.73,163.17
134014,12722.6,155.07
139149,12998.53,151.46
144480,13282.8,140.13
150016,13574.33,138.78
155763,13855.87,145.89
161731,14154.9,140.39
167928,14475.3,128.8
174362,14785.0,135.41
181042,15094.9,133.22
187979,15410.87,127.49
195181,15734.5,122.09
202659,16058.4,115.97
210423,16390.77,118.77
218485,16725.1,111.47
226856,17065.53,112.66
235548,17411.03,99.52
244573,17765.07,104.75
253943,18127.4,109.98
263673,18494.47,109.68
273775,18870.53,109.26
284264,19255.8,120.75
295155,19645.37,126.38
306464,20038.5,124.55
318206,20430.03,128.32
330397,20822.23,135.82
343056,21225.7,138.05
356200,21650.13,139.67
369847,22077.3,137.5
384017,22498.57,139.85
398730,22925.2,133.64
414007,23356.07,135.9
429869,23794.23,140.46
446339,24236.93,137.07
463440,24698.7,138.54
481196,25158.63,138.93
499632,25625.23,139.94
518775,26092.9,138.23
538651,26572.33,134.48
559288,27052.07,140.22
580717,27550.37,150.27
602966,28044.4,156.65
626068,28548.83,161.71
650055,29054.7,160.15
674961,29570.7,156.04
700821,30097.5,151.32
727672,30630.4,150.74
755551,31157.4,143.16
784499,31688.47,139.1
814556,32240.8,145.92
845765,32795.67,149.39
878169,33349.77,152.97
911815,33913.27,148.58
946750,34481.9,147.23
983023,35067.1,142.75
1020686,35653.77,151.69
1059792,36250.93,153.96
1100397,36848.97,159.16
1142557,37443.73,154.55
1186332,38046.1,156.02
1231785,38674.27,148.38
1278979,39295.73,144.93
1327981,39926.57,138.86
1378861,40566.43,131.9
1431690,41220.67,141.58
1486543,41872.93,138.29
1543497,42529.7,138.27
1602634,43203.3,142.55
1664037,43865.7,136.13
1727792,44542.57,127.46
1793990,45237.23,120.42
1862724,45924.3,105.83
1934091,46626.87,107.26
2008193,47329.33,113.56
2085134,48044.43,114.57
2165023,48760.47,109.86
2247973,49493.7,102.99
2334101,50241.6,95.01
2423528,50980.6,91.35
2516382,51749.4,88.33
2612794,52516.6,85.9
2712899,53284.47,71.97
2816840,54066.1,69.99
2924763,54837.3,59.03
3036821,55626.57,44.61
3153172,56411.57,32.57
3273982,57215.0,0.0
